20211028,洗顔ジェル,try_1,SBA,1,None,
20211028,洗顔ジェル,try_1,SBA,2,None,アクアリシア配合・韓国発サイエンスソリューションコスメ
20211028,洗顔ジェル,try_1,SBA,3,None,
20211028,洗顔ジェル,try_1,SBA,4,None,【医薬部外品】ニキビを予防し、毛穴の汚れまですっきり洗い流す薬用洗顔料
20211028,洗顔ジェル,try_1,SBA,5,None,
20211028,洗顔ジェル,try_1,SBA,6,None,
20211028,洗顔ジェル,try_1,SBA,49,None,
20211028,洗顔ジェル,try_1,SBA,50,None,メイク落としや毛穴対策に欠かせない「クレンジングオイル」。本記事では、クレンジングオイルの特徴や選び方を解説！さらに、市販で人気のおすすめクレンジング…
20211028,クレンジングバーム,try_1,SBA,1,None,
20211028,クレンジングバーム,try_1,SBA,2,None,忙しいときや、肌にあまり負担をかけたくないときにぴったりな「ダブル洗顔不要」のクレンジング。ひとつのクレンジングで、メイク汚れから余分な皮脂などの汚れまで落とせるので、時短になりコスパもいいアイテム。 今回はそんな「ダブル洗顔不要」のクレンジングにフォーカスを当て、選び方からおすすめのアイテムまでたっぷりとご紹介します♪ ぜひ、クレンジングタイムを有意義なものにして！
20211028,クレンジングバーム,try_1,SBA,3,None,
20211028,クレンジングバーム,try_1,SBA,4,None,バーム状のクレンジングを溶かすと、トロッとしたテクスチャーに変わります。洗浄力が高くメイクをしっかり落としてくれるのに、しっとりとした洗いあが…
20211028,クレンジングバーム,try_1,SBA,5,None,
20211028,クレンジングバーム,try_1,SBA,6,None,ホットクレンジングとして人気なマナラ。「ホットクレンジングゲル」は91.3％が美容液成分なので、しっかりメイクを落としてくれるのに洗いあがり…
20211028,クレンジングバーム,try_1,SBA,7,None,
20211028,クレンジングバーム,try_1,SBA,8,None,コスメ大国といえる韓国で人気のクレンジングバーム。シャーベットのようなテクスチャ―のバームを顔につけると、オイルっぽくとろけます。バームがしっ…
20211028,クレンジングバーム,try_1,SBA,9,None,
20211028,クレンジングバーム,try_1,SBA,10,None,透明感導く、大人のクレンジング
20211028,クレンジングバーム,try_1,SBA,11,None,
20211028,クレンジングバーム,try_1,SBA,12,None,美は肌元から再動する。新感覚のとろけるクレンジング。
20211028,クレンジングバーム,try_1,SBA,13,None,
20211028,クレンジングバーム,try_1,SBA,49,None,
20211028,クレンジングバーム,try_1,SBA,50,None,この記事では、JOCA認定オーガニックコスメ・アドバイザーのmicaさんに聞いた、オーガニッククレンジングミルクの選び方とおすすめ商品を紹介します。